Datetime,Open,High,Low,Close,Volume,Dividends,Stock Splits
2023-07-19 09:15:00+05:30,19802.94921875,19828.75,19787.94921875,19821.650390625,0,0,0
2023-07-19 09:30:00+05:30,19820.94921875,19828.75,19796.94921875,19805.30078125,0,0,0
2023-07-19 09:45:00+05:30,19805.400390625,19841.150390625,19804.44921875,19836.44921875,0,0,0
2023-07-19 10:00:00+05:30,19836.849609375,19838.55078125,19815.30078125,19826.150390625,0,0,0
2023-07-19 10:15:00+05:30,19825.849609375,19827.900390625,19812.19921875,19817.349609375,0,0,0
2023-07-19 10:30:00+05:30,19816.849609375,19820.349609375,19776.650390625,19780.0,0,0,0
2023-07-19 10:45:00+05:30,19780.599609375,19788.5,19760.44921875,19768.25,0,0,0
2023-07-19 11:00:00+05:30,19767.55078125,19769.150390625,19745.25,19746.150390625,0,0,0
2023-07-19 11:15:00+05:30,19745.69921875,19760.19921875,19731.55078125,19759.80078125,0,0,0
2023-07-19 11:30:00+05:30,19759.150390625,19761.150390625,19733.30078125,19749.75,0,0,0
2023-07-19 11:45:00+05:30,19749.75,19752.650390625,19727.55078125,19732.599609375,0,0,0
2023-07-19 12:00:00+05:30,19731.599609375,19755.25,19730.30078125,19736.599609375,0,0,0
2023-07-19 12:15:00+05:30,19736.80078125,19761.849609375,19735.900390625,19755.25,0,0,0
2023-07-19 12:30:00+05:30,19755.19921875,19780.900390625,19751.599609375,19777.80078125,0,0,0
2023-07-19 12:45:00+05:30,19778.150390625,19790.900390625,19770.650390625,19778.0,0,0,0
2023-07-19 13:00:00+05:30,19777.599609375,19790.25,19774.849609375,19788.94921875,0,0,0
2023-07-19 13:15:00+05:30,19788.5,19798.55078125,19769.849609375,19769.849609375,0,0,0
2023-07-19 13:30:00+05:30,19769.650390625,19792.099609375,19763.900390625,19785.30078125,0,0,0
2023-07-19 13:45:00+05:30,19785.0,19796.5,19774.650390625,19786.05078125,0,0,0
2023-07-19 14:00:00+05:30,19785.55078125,19801.5,19779.44921875,19781.099609375,0,0,0
2023-07-19 14:15:00+05:30,19780.80078125,19784.099609375,19758.75,19776.55078125,0,0,0
2023-07-19 14:30:00+05:30,19775.849609375,19786.0,19769.5,19773.30078125,0,0,0
2023-07-19 14:45:00+05:30,19771.849609375,19803.44921875,19765.5,19801.69921875,0,0,0
2023-07-19 15:00:00+05:30,19802.599609375,19838.19921875,19802.599609375,19833.19921875,0,0,0
2023-07-19 15:15:00+05:30,19833.400390625,19849.19921875,19832.19921875,19847.150390625,0,0,0
2023-07-20 09:15:00+05:30,19831.69921875,19840.44921875,19788.400390625,19813.349609375,0,0,0
2023-07-20 09:30:00+05:30,19813.5,19837.44921875,19778.80078125,19781.80078125,0,0,0
2023-07-20 09:45:00+05:30,19782.349609375,19782.349609375,19758.849609375,19760.099609375,0,0,0
2023-07-20 10:00:00+05:30,19758.44921875,19818.0,19758.44921875,19787.349609375,0,0,0
2023-07-20 10:15:00+05:30,19786.94921875,19834.900390625,19782.69921875,19831.75,0,0,0
2023-07-20 10:30:00+05:30,19831.599609375,19847.25,19825.5,19829.849609375,0,0,0
2023-07-20 10:45:00+05:30,19829.349609375,19838.80078125,19819.44921875,19830.55078125,0,0,0
2023-07-20 11:00:00+05:30,19830.900390625,19840.75,19826.349609375,19830.80078125,0,0,0
2023-07-20 11:15:00+05:30,19831.099609375,19833.94921875,19814.900390625,19833.650390625,0,0,0
2023-07-20 11:30:00+05:30,19833.19921875,19845.25,19829.849609375,19841.19921875,0,0,0
2023-07-20 11:45:00+05:30,19840.80078125,19853.05078125,19833.75,19849.849609375,0,0,0
2023-07-20 12:00:00+05:30,19850.150390625,19869.400390625,19846.0,19860.150390625,0,0,0
2023-07-20 12:15:00+05:30,19860.5,19874.0,19851.900390625,19872.94921875,0,0,0
2023-07-20 12:30:00+05:30,19873.150390625,19887.25,19872.80078125,19881.30078125,0,0,0
2023-07-20 12:45:00+05:30,19881.5,19898.44921875,19880.5,19893.05078125,0,0,0
2023-07-20 13:00:00+05:30,19893.400390625,19902.44921875,19888.099609375,19899.30078125,0,0,0
2023-07-20 13:15:00+05:30,19898.05078125,19918.69921875,19897.69921875,19912.400390625,0,0,0
2023-07-20 13:30:00+05:30,19912.75,19926.099609375,19887.69921875,19904.55078125,0,0,0
2023-07-20 13:45:00+05:30,19905.30078125,19932.25,19903.400390625,19929.05078125,0,0,0
2023-07-20 14:00:00+05:30,19929.349609375,19947.19921875,19925.900390625,19942.25,0,0,0
2023-07-20 14:15:00+05:30,19943.150390625,19967.5,19941.150390625,19960.5,0,0,0
2023-07-20 14:30:00+05:30,19961.75,19982.099609375,19949.900390625,19949.900390625,0,0,0
2023-07-20 14:45:00+05:30,19949.44921875,19960.69921875,19935.44921875,19956.099609375,0,0,0
2023-07-20 15:00:00+05:30,19957.69921875,19990.80078125,19957.30078125,19987.05078125,0,0,0
2023-07-20 15:15:00+05:30,19987.19921875,19987.55078125,19965.400390625,19969.94921875,0,0,0
2023-07-21 09:15:00+05:30,19800.44921875,19886.349609375,19780.69921875,19846.099609375,0,0,0
2023-07-21 09:30:00+05:30,19845.69921875,19854.69921875,19807.400390625,19823.80078125,0,0,0
2023-07-21 09:45:00+05:30,19823.25,19876.099609375,19816.19921875,19868.44921875,0,0,0
2023-07-21 10:00:00+05:30,19867.80078125,19869.099609375,19826.650390625,19843.69921875,0,0,0
2023-07-21 10:15:00+05:30,19844.599609375,19844.599609375,19799.05078125,19810.44921875,0,0,0
2023-07-21 10:30:00+05:30,19811.099609375,19818.150390625,19794.150390625,19808.55078125,0,0,0
2023-07-21 10:45:00+05:30,19809.19921875,19819.099609375,19794.30078125,19809.30078125,0,0,0
2023-07-21 11:00:00+05:30,19809.650390625,19809.650390625,19778.75,19780.0,0,0,0
2023-07-21 11:15:00+05:30,19779.900390625,19794.099609375,19763.150390625,19773.900390625,0,0,0
2023-07-21 11:30:00+05:30,19773.650390625,19799.80078125,19764.94921875,19798.599609375,0,0,0
2023-07-21 11:45:00+05:30,19798.849609375,19800.150390625,19759.55078125,19768.150390625,0,0,0
2023-07-21 12:00:00+05:30,19768.650390625,19781.5,19759.25,19767.900390625,0,0,0
2023-07-21 12:15:00+05:30,19768.099609375,19770.900390625,19733.400390625,19745.650390625,0,0,0
2023-07-21 12:30:00+05:30,19745.400390625,19769.400390625,19745.400390625,19751.30078125,0,0,0
2023-07-21 12:45:00+05:30,19752.349609375,19778.44921875,19750.400390625,19777.05078125,0,0,0
2023-07-21 13:00:00+05:30,19777.400390625,19791.94921875,19762.44921875,19791.349609375,0,0,0
2023-07-21 13:15:00+05:30,19791.150390625,19817.349609375,19787.19921875,19814.25,0,0,0
2023-07-21 13:30:00+05:30,19814.69921875,19821.94921875,19794.150390625,19804.0,0,0,0
2023-07-21 13:45:00+05:30,19804.0,19818.900390625,19801.55078125,19810.5,0,0,0
2023-07-21 14:00:00+05:30,19811.94921875,19820.400390625,19766.150390625,19779.400390625,0,0,0
2023-07-21 14:15:00+05:30,19779.75,19786.30078125,19745.30078125,19760.80078125,0,0,0
2023-07-21 14:30:00+05:30,19760.349609375,19765.349609375,19739.05078125,19739.05078125,0,0,0
2023-07-21 14:45:00+05:30,19739.150390625,19750.0,19704.94921875,19708.05078125,0,0,0
2023-07-21 15:00:00+05:30,19707.849609375,19745.900390625,19700.099609375,19743.25,0,0,0
2023-07-21 15:15:00+05:30,19743.30078125,19780.900390625,19740.05078125,19780.900390625,0,0,0
2023-07-24 09:15:00+05:30,19748.44921875,19755.0,19705.19921875,19718.55078125,0,0,0
2023-07-24 09:30:00+05:30,19719.349609375,19744.900390625,19711.75,19716.55078125,0,0,0
2023-07-24 09:45:00+05:30,19716.150390625,19728.75,19710.55078125,19718.80078125,0,0,0
2023-07-24 10:00:00+05:30,19719.0,19751.150390625,19715.25,19748.55078125,0,0,0
2023-07-24 10:15:00+05:30,19748.55078125,19775.099609375,19747.80078125,19772.0,0,0,0
2023-07-24 10:30:00+05:30,19773.05078125,19782.150390625,19767.75,19775.69921875,0,0,0
2023-07-24 10:45:00+05:30,19775.69921875,19780.44921875,19758.650390625,19763.400390625,0,0,0
2023-07-24 11:00:00+05:30,19763.849609375,19774.5,19760.55078125,19764.19921875,0,0,0
2023-07-24 11:15:00+05:30,19764.150390625,19768.30078125,19752.900390625,19752.900390625,0,0,0
2023-07-24 11:30:00+05:30,19753.599609375,19760.400390625,19709.05078125,19715.05078125,0,0,0
2023-07-24 11:45:00+05:30,19714.5,19714.75,19670.94921875,19671.25,0,0,0
2023-07-24 12:00:00+05:30,19671.44921875,19710.75,19671.44921875,19709.150390625,0,0,0
2023-07-24 12:15:00+05:30,19708.400390625,19719.349609375,19707.05078125,19713.80078125,0,0,0
2023-07-24 12:30:00+05:30,19713.05078125,19733.19921875,19708.44921875,19733.19921875,0,0,0
2023-07-24 12:45:00+05:30,19731.650390625,19761.400390625,19731.150390625,19761.0,0,0,0
2023-07-24 13:00:00+05:30,19760.94921875,19768.900390625,19734.44921875,19760.69921875,0,0,0
2023-07-24 13:15:00+05:30,19761.30078125,19765.5,19749.25,19750.19921875,0,0,0
2023-07-24 13:30:00+05:30,19750.400390625,19760.05078125,19740.5,19752.75,0,0,0
2023-07-24 13:45:00+05:30,19753.849609375,19765.44921875,19745.5,19760.150390625,0,0,0
2023-07-24 14:00:00+05:30,19760.5,19776.0,19731.25,19749.650390625,0,0,0
2023-07-24 14:15:00+05:30,19750.55078125,19750.55078125,19699.25,19713.849609375,0,0,0
2023-07-24 14:30:00+05:30,19714.25,19740.44921875,19711.0,19736.55078125,0,0,0
2023-07-24 14:45:00+05:30,19736.0,19741.44921875,19701.69921875,19701.69921875,0,0,0
2023-07-24 15:00:00+05:30,19701.80078125,19701.80078125,19664.5,19670.900390625,0,0,0
2023-07-24 15:15:00+05:30,19671.349609375,19677.05078125,19659.599609375,19663.69921875,0,0,0
2023-07-25 09:15:00+05:30,19729.349609375,19729.349609375,19674.30078125,19676.25,0,0,0
2023-07-25 09:30:00+05:30,19677.25,19704.19921875,19675.55078125,19688.19921875,0,0,0
2023-07-25 09:45:00+05:30,19688.400390625,19689.75,19663.55078125,19676.25,0,0,0
2023-07-25 10:00:00+05:30,19676.5,19691.30078125,19670.75,19678.05078125,0,0,0
2023-07-25 10:15:00+05:30,19678.75,19679.94921875,19658.25,19660.94921875,0,0,0
2023-07-25 10:30:00+05:30,19660.349609375,19684.75,19660.19921875,19678.25,0,0,0
2023-07-25 10:45:00+05:30,19678.349609375,19685.650390625,19669.25,19670.900390625,0,0,0
2023-07-25 11:00:00+05:30,19670.94921875,19680.44921875,19652.30078125,19673.150390625,0,0,0
2023-07-25 11:15:00+05:30,19673.400390625,19675.099609375,19664.5,19669.94921875,0,0,0
2023-07-25 11:30:00+05:30,19669.94921875,19672.69921875,19657.849609375,19659.400390625,0,0,0
2023-07-25 11:45:00+05:30,19658.849609375,19674.55078125,19648.30078125,19665.30078125,0,0,0
2023-07-25 12:00:00+05:30,19665.55078125,19678.599609375,19660.75,19676.69921875,0,0,0
2023-07-25 12:15:00+05:30,19676.25,19689.650390625,19674.75,19680.099609375,0,0,0
2023-07-25 12:30:00+05:30,19681.30078125,19707.44921875,19680.900390625,19686.69921875,0,0,0
2023-07-25 12:45:00+05:30,19685.900390625,19694.849609375,19675.650390625,19689.55078125,0,0,0
2023-07-25 13:00:00+05:30,19689.25,19696.900390625,19666.75,19667.25,0,0,0
2023-07-25 13:15:00+05:30,19667.099609375,19669.849609375,19627.400390625,19637.400390625,0,0,0
2023-07-25 13:30:00+05:30,19636.55078125,19655.30078125,19616.650390625,19653.55078125,0,0,0
2023-07-25 13:45:00+05:30,19653.30078125,19666.69921875,19638.55078125,19653.94921875,0,0,0
2023-07-25 14:00:00+05:30,19655.05078125,19667.400390625,19649.94921875,19659.69921875,0,0,0
2023-07-25 14:15:00+05:30,19660.94921875,19695.099609375,19660.650390625,19684.099609375,0,0,0
2023-07-25 14:30:00+05:30,19682.900390625,19701.849609375,19677.55078125,19693.05078125,0,0,0
2023-07-25 14:45:00+05:30,19692.400390625,19706.05078125,19671.55078125,19701.69921875,0,0,0
2023-07-25 15:00:00+05:30,19701.30078125,19705.19921875,19666.400390625,19674.650390625,0,0,0
2023-07-25 15:15:00+05:30,19674.05078125,19683.05078125,19669.0,19678.849609375,0,0,0
2023-07-26 09:15:00+05:30,19733.349609375,19762.25,19716.75,19753.900390625,0,0,0
2023-07-26 09:30:00+05:30,19753.349609375,19765.69921875,19746.30078125,19762.900390625,0,0,0
2023-07-26 09:45:00+05:30,19762.80078125,19804.05078125,19755.099609375,19796.150390625,0,0,0
2023-07-26 10:00:00+05:30,19795.80078125,19819.099609375,19791.150390625,19815.69921875,0,0,0
2023-07-26 10:15:00+05:30,19815.849609375,19819.75,19799.849609375,19819.5,0,0,0
2023-07-26 10:30:00+05:30,19819.5,19825.099609375,19807.69921875,19809.099609375,0,0,0
2023-07-26 10:45:00+05:30,19804.69921875,19813.599609375,19796.55078125,19800.44921875,0,0,0
2023-07-26 11:00:00+05:30,19800.900390625,19812.650390625,19796.400390625,19804.400390625,0,0,0
2023-07-26 11:15:00+05:30,19804.849609375,19807.150390625,19791.900390625,19797.25,0,0,0
2023-07-26 11:30:00+05:30,19797.30078125,19803.400390625,19792.150390625,19795.900390625,0,0,0
2023-07-26 11:45:00+05:30,19796.94921875,19808.44921875,19788.25,19806.19921875,0,0,0
2023-07-26 12:00:00+05:30,19805.44921875,19817.80078125,19802.0,19812.400390625,0,0,0
2023-07-26 12:15:00+05:30,19812.5,19819.05078125,19808.900390625,19814.349609375,0,0,0
2023-07-26 12:30:00+05:30,19814.349609375,19816.19921875,19794.19921875,19796.44921875,0,0,0
2023-07-26 12:45:00+05:30,19796.849609375,19806.94921875,19793.44921875,19793.69921875,0,0,0
2023-07-26 13:00:00+05:30,19793.349609375,19793.599609375,19777.900390625,19790.94921875,0,0,0
2023-07-26 13:15:00+05:30,19790.25,19811.349609375,19790.25,19805.599609375,0,0,0
2023-07-26 13:30:00+05:30,19805.099609375,19810.099609375,19797.55078125,19800.5,0,0,0
2023-07-26 13:45:00+05:30,19800.30078125,19802.5,19788.19921875,19799.80078125,0,0,0
2023-07-26 14:00:00+05:30,19799.25,19805.19921875,19790.349609375,19792.69921875,0,0,0
2023-07-26 14:15:00+05:30,19791.849609375,19822.94921875,19791.0,19822.849609375,0,0,0
2023-07-26 14:30:00+05:30,19822.94921875,19824.900390625,19780.69921875,19791.94921875,0,0,0
2023-07-26 14:45:00+05:30,19791.25,19793.69921875,19747.400390625,19763.650390625,0,0,0
2023-07-26 15:00:00+05:30,19766.44921875,19785.44921875,19764.80078125,19784.69921875,0,0,0
2023-07-26 15:15:00+05:30,19784.349609375,19785.75,19769.400390625,19773.099609375,0,0,0
2023-07-27 09:15:00+05:30,19850.900390625,19863.650390625,19825.05078125,19844.400390625,0,0,0
2023-07-27 09:30:00+05:30,19841.900390625,19867.5,19839.650390625,19855.650390625,0,0,0
2023-07-27 09:45:00+05:30,19856.150390625,19857.19921875,19812.400390625,19815.30078125,0,0,0
2023-07-27 10:00:00+05:30,19814.150390625,19823.30078125,19798.80078125,19806.650390625,0,0,0
2023-07-27 10:15:00+05:30,19807.30078125,19820.599609375,19805.25,19815.349609375,0,0,0
2023-07-27 10:30:00+05:30,19815.0,19817.30078125,19792.849609375,19801.650390625,0,0,0
2023-07-27 10:45:00+05:30,19801.5,19814.150390625,19791.80078125,19795.30078125,0,0,0
2023-07-27 11:00:00+05:30,19796.30078125,19798.150390625,19778.69921875,19780.599609375,0,0,0
2023-07-27 11:15:00+05:30,19781.05078125,19781.05078125,19729.80078125,19735.69921875,0,0,0
2023-07-27 11:30:00+05:30,19737.5,19747.69921875,19724.25,19735.30078125,0,0,0
2023-07-27 11:45:00+05:30,19735.75,19754.25,19719.099609375,19753.55078125,0,0,0
2023-07-27 12:00:00+05:30,19754.099609375,19755.94921875,19737.099609375,19740.05078125,0,0,0
2023-07-27 12:15:00+05:30,19739.80078125,19745.80078125,19731.44921875,19737.75,0,0,0
2023-07-27 12:30:00+05:30,19737.849609375,19738.30078125,19716.150390625,19729.30078125,0,0,0
2023-07-27 12:45:00+05:30,19730.25,19739.900390625,19718.349609375,19721.849609375,0,0,0
2023-07-27 13:00:00+05:30,19722.400390625,19732.19921875,19699.099609375,19731.25,0,0,0
2023-07-27 13:15:00+05:30,19731.80078125,19746.0,19704.400390625,19704.400390625,0,0,0
2023-07-27 13:30:00+05:30,19706.05078125,19707.650390625,19686.349609375,19700.94921875,0,0,0
2023-07-27 13:45:00+05:30,19700.55078125,19710.849609375,19681.94921875,19707.80078125,0,0,0
2023-07-27 14:00:00+05:30,19705.69921875,19707.44921875,19682.05078125,19696.099609375,0,0,0
2023-07-27 14:15:00+05:30,19697.849609375,19705.94921875,19662.80078125,19664.19921875,0,0,0
2023-07-27 14:30:00+05:30,19665.19921875,19667.099609375,19615.80078125,19629.69921875,0,0,0
2023-07-27 14:45:00+05:30,19630.5,19639.69921875,19603.849609375,19606.30078125,0,0,0
2023-07-27 15:00:00+05:30,19605.94921875,19665.94921875,19605.599609375,19664.69921875,0,0,0
2023-07-27 15:15:00+05:30,19664.650390625,19708.650390625,19657.19921875,19700.19921875,0,0,0
2023-07-28 09:15:00+05:30,19659.75,19692.05078125,19599.44921875,19609.80078125,0,0,0
2023-07-28 09:30:00+05:30,19609.650390625,19653.0,19608.900390625,19636.19921875,0,0,0
2023-07-28 09:45:00+05:30,19637.0,19666.099609375,19631.80078125,19645.900390625,0,0,0
2023-07-28 10:00:00+05:30,19646.349609375,19648.94921875,19607.900390625,19618.5,0,0,0
2023-07-28 10:15:00+05:30,19618.650390625,19628.25,19596.05078125,19616.599609375,0,0,0
2023-07-28 10:30:00+05:30,19616.900390625,19639.650390625,19608.650390625,19630.349609375,0,0,0
2023-07-28 10:45:00+05:30,19630.30078125,19642.25,19612.19921875,19615.75,0,0,0
2023-07-28 11:00:00+05:30,19615.099609375,19626.400390625,19607.69921875,19607.69921875,0,0,0
2023-07-28 11:15:00+05:30,19607.5,19616.30078125,19587.80078125,19607.44921875,0,0,0
2023-07-28 11:30:00+05:30,19607.650390625,19609.650390625,19581.900390625,19584.25,0,0,0
2023-07-28 11:45:00+05:30,19584.5,19603.650390625,19579.5,19599.05078125,0,0,0
2023-07-28 12:00:00+05:30,19599.19921875,19600.55078125,19573.849609375,19579.94921875,0,0,0
2023-07-28 12:15:00+05:30,19579.599609375,19590.400390625,19565.25,19584.900390625,0,0,0
2023-07-28 12:30:00+05:30,19585.5,19609.05078125,19581.69921875,19604.849609375,0,0,0
2023-07-28 12:45:00+05:30,19604.900390625,19605.55078125,19582.19921875,19587.69921875,0,0,0
2023-07-28 13:00:00+05:30,19587.900390625,19611.19921875,19587.900390625,19607.75,0,0,0
2023-07-28 13:15:00+05:30,19608.05078125,19608.05078125,19583.19921875,19590.900390625,0,0,0
2023-07-28 13:30:00+05:30,19591.150390625,19598.5,19564.5,19565.599609375,0,0,0
2023-07-28 13:45:00+05:30,19565.599609375,19588.19921875,19563.599609375,19588.05078125,0,0,0
2023-07-28 14:00:00+05:30,19588.900390625,19598.94921875,19578.69921875,19597.44921875,0,0,0
2023-07-28 14:15:00+05:30,19597.69921875,19628.44921875,19595.5,19618.349609375,0,0,0
2023-07-28 14:30:00+05:30,19618.400390625,19622.400390625,19581.599609375,19589.849609375,0,0,0
2023-07-28 14:45:00+05:30,19589.80078125,19627.30078125,19588.80078125,19626.05078125,0,0,0
2023-07-28 15:00:00+05:30,19625.849609375,19663.55078125,19624.849609375,19651.80078125,0,0,0
2023-07-28 15:15:00+05:30,19650.94921875,19656.25,19634.0,19638.0,0,0,0
2023-07-31 09:15:00+05:30,19666.349609375,19676.05078125,19599.150390625,19632.099609375,0,0,0
2023-07-31 09:30:00+05:30,19632.30078125,19656.80078125,19620.25,19644.30078125,0,0,0
2023-07-31 09:45:00+05:30,19644.05078125,19662.30078125,19639.94921875,19657.05078125,0,0,0
2023-07-31 10:00:00+05:30,19657.75,19674.44921875,19657.05078125,19672.94921875,0,0,0
2023-07-31 10:15:00+05:30,19673.150390625,19677.55078125,19663.94921875,19676.349609375,0,0,0
2023-07-31 10:30:00+05:30,19676.55078125,19691.849609375,19660.0,19684.900390625,0,0,0
2023-07-31 10:45:00+05:30,19685.05078125,19693.75,19678.80078125,19691.25,0,0,0
2023-07-31 11:00:00+05:30,19691.55078125,19699.19921875,19690.25,19693.5,0,0,0
2023-07-31 11:15:00+05:30,19692.94921875,19716.0,19686.150390625,19715.30078125,0,0,0
2023-07-31 11:30:00+05:30,19715.75,19719.69921875,19700.75,19709.69921875,0,0,0
2023-07-31 11:45:00+05:30,19710.5,19713.69921875,19688.05078125,19698.75,0,0,0
2023-07-31 12:00:00+05:30,19698.650390625,19710.25,19691.05078125,19707.599609375,0,0,0
2023-07-31 12:15:00+05:30,19708.099609375,19711.44921875,19685.650390625,19687.75,0,0,0
2023-07-31 12:30:00+05:30,19687.19921875,19691.900390625,19676.94921875,19683.650390625,0,0,0
2023-07-31 12:45:00+05:30,19684.30078125,19703.55078125,19674.25,19698.349609375,0,0,0
2023-07-31 13:00:00+05:30,19697.900390625,19701.75,19685.150390625,19700.55078125,0,0,0
2023-07-31 13:15:00+05:30,19700.30078125,19710.349609375,19696.849609375,19708.80078125,0,0,0
2023-07-31 13:30:00+05:30,19708.5,19719.650390625,19707.69921875,19712.80078125,0,0,0
2023-07-31 13:45:00+05:30,19712.5,19719.19921875,19697.5,19702.849609375,0,0,0
2023-07-31 14:00:00+05:30,19703.30078125,19726.900390625,19699.900390625,19703.599609375,0,0,0
2023-07-31 14:15:00+05:30,19703.80078125,19722.75,19703.80078125,19715.900390625,0,0,0
2023-07-31 14:30:00+05:30,19716.400390625,19728.30078125,19712.5,19724.55078125,0,0,0
2023-07-31 14:45:00+05:30,19724.75,19725.099609375,19703.25,19720.69921875,0,0,0
2023-07-31 15:00:00+05:30,19720.650390625,19767.25,19720.650390625,19760.0,0,0,0
2023-07-31 15:15:00+05:30,19759.75,19772.25,19737.5,19740.75,0,0,0
2023-08-01 09:15:00+05:30,19784.0,19793.69921875,19750.900390625,19769.5,0,0,0
2023-08-01 09:30:00+05:30,19769.650390625,19780.650390625,19755.69921875,19765.650390625,0,0,0
2023-08-01 09:45:00+05:30,19765.19921875,19787.900390625,19763.349609375,19778.75,0,0,0
2023-08-01 10:00:00+05:30,19778.5,19789.44921875,19775.55078125,19779.55078125,0,0,0
2023-08-01 10:15:00+05:30,19780.25,19782.099609375,19751.150390625,19754.30078125,0,0,0
2023-08-01 10:30:00+05:30,19754.400390625,19757.05078125,19727.099609375,19734.849609375,0,0,0
2023-08-01 10:45:00+05:30,19734.650390625,19746.400390625,19715.05078125,19745.25,0,0,0
2023-08-01 11:00:00+05:30,19745.150390625,19746.94921875,19721.400390625,19730.400390625,0,0,0
2023-08-01 11:15:00+05:30,19730.900390625,19741.30078125,19730.349609375,19740.400390625,0,0,0
2023-08-01 11:30:00+05:30,19740.44921875,19748.900390625,19727.19921875,19748.0,0,0,0
2023-08-01 11:45:00+05:30,19748.80078125,19753.400390625,19732.25,19737.75,0,0,0
2023-08-01 12:00:00+05:30,19738.150390625,19742.55078125,19722.150390625,19729.30078125,0,0,0
2023-08-01 12:15:00+05:30,19728.19921875,19733.849609375,19718.19921875,19720.25,0,0,0
2023-08-01 12:30:00+05:30,19720.05078125,19732.05078125,19707.69921875,19712.05078125,0,0,0
2023-08-01 12:45:00+05:30,19712.5,19726.349609375,19704.849609375,19717.94921875,0,0,0
2023-08-01 13:00:00+05:30,19718.599609375,19738.0,19715.0,19738.0,0,0,0
2023-08-01 13:15:00+05:30,19738.900390625,19751.94921875,19735.69921875,19751.650390625,0,0,0
2023-08-01 13:30:00+05:30,19751.5,19765.75,19745.900390625,19747.849609375,0,0,0
2023-08-01 13:45:00+05:30,19749.099609375,19764.599609375,19733.30078125,19734.44921875,0,0,0
2023-08-01 14:00:00+05:30,19734.25,19744.25,19730.650390625,19737.55078125,0,0,0
2023-08-01 14:15:00+05:30,19737.80078125,19760.19921875,19734.55078125,19758.349609375,0,0,0
2023-08-01 14:30:00+05:30,19758.599609375,19762.80078125,19750.69921875,19756.599609375,0,0,0
2023-08-01 14:45:00+05:30,19757.150390625,19758.05078125,19722.69921875,19734.94921875,0,0,0
2023-08-01 15:00:00+05:30,19732.69921875,19744.55078125,19721.05078125,19736.150390625,0,0,0
2023-08-01 15:15:00+05:30,19735.80078125,19742.69921875,19727.400390625,19736.099609375,0,0,0
2023-08-02 09:15:00+05:30,19655.400390625,19673.400390625,19623.25,19628.349609375,0,0,0
2023-08-02 09:30:00+05:30,19628.849609375,19640.19921875,19620.69921875,19620.80078125,0,0,0
2023-08-02 09:45:00+05:30,19620.900390625,19638.650390625,19615.69921875,19635.599609375,0,0,0
2023-08-02 10:00:00+05:30,19635.69921875,19638.69921875,19609.099609375,19610.69921875,0,0,0
2023-08-02 10:15:00+05:30,19609.55078125,19614.150390625,19595.75,19601.150390625,0,0,0
2023-08-02 10:30:00+05:30,19601.0,19601.80078125,19570.0,19577.0,0,0,0
2023-08-02 10:45:00+05:30,19577.25,19580.94921875,19558.900390625,19563.0,0,0,0
2023-08-02 11:00:00+05:30,19562.650390625,19563.900390625,19524.599609375,19555.05078125,0,0,0
2023-08-02 11:15:00+05:30,19555.44921875,19558.0,19537.150390625,19537.94921875,0,0,0
2023-08-02 11:30:00+05:30,19538.19921875,19542.25,19517.900390625,19538.19921875,0,0,0
2023-08-02 11:45:00+05:30,19539.69921875,19541.80078125,19528.19921875,19536.30078125,0,0,0
2023-08-02 12:00:00+05:30,19536.400390625,19546.0,19523.44921875,19540.55078125,0,0,0
2023-08-02 12:15:00+05:30,19540.19921875,19543.349609375,19533.05078125,19536.44921875,0,0,0
2023-08-02 12:30:00+05:30,19537.349609375,19556.30078125,19535.5,19552.849609375,0,0,0
2023-08-02 12:45:00+05:30,19552.94921875,19556.900390625,19511.19921875,19512.650390625,0,0,0
2023-08-02 13:00:00+05:30,19512.19921875,19528.94921875,19511.349609375,19512.05078125,0,0,0
2023-08-02 13:15:00+05:30,19511.650390625,19512.5,19476.400390625,19478.44921875,0,0,0
2023-08-02 13:30:00+05:30,19477.849609375,19487.69921875,19442.099609375,19443.5,0,0,0
2023-08-02 13:45:00+05:30,19443.30078125,19468.44921875,19438.349609375,19448.75,0,0,0
2023-08-02 14:00:00+05:30,19448.400390625,19463.44921875,19424.69921875,19429.849609375,0,0,0
2023-08-02 14:15:00+05:30,19429.94921875,19444.19921875,19425.099609375,19443.349609375,0,0,0
2023-08-02 14:30:00+05:30,19442.80078125,19468.69921875,19442.80078125,19462.400390625,0,0,0
2023-08-02 14:45:00+05:30,19461.0,19494.94921875,19455.349609375,19491.5,0,0,0
2023-08-02 15:00:00+05:30,19490.69921875,19543.25,19490.69921875,19542.599609375,0,0,0
2023-08-02 15:15:00+05:30,19542.5,19545.650390625,19514.44921875,19514.80078125,0,0,0
2023-08-03 09:15:00+05:30,19463.75,19527.05078125,19439.25,19521.44921875,0,0,0
2023-08-03 09:30:00+05:30,19522.30078125,19536.650390625,19479.05078125,19496.400390625,0,0,0
2023-08-03 09:45:00+05:30,19496.400390625,19536.80078125,19485.599609375,19500.30078125,0,0,0
2023-08-03 10:00:00+05:30,19500.400390625,19500.400390625,19474.0,19479.80078125,0,0,0
2023-08-03 10:15:00+05:30,19481.44921875,19496.599609375,19468.19921875,19479.0,0,0,0
2023-08-03 10:30:00+05:30,19479.400390625,19491.150390625,19462.5,19475.75,0,0,0
2023-08-03 10:45:00+05:30,19477.349609375,19505.400390625,19469.400390625,19498.900390625,0,0,0
2023-08-03 11:00:00+05:30,19500.44921875,19515.80078125,19489.900390625,19499.400390625,0,0,0
2023-08-03 11:15:00+05:30,19498.80078125,19501.25,19484.69921875,19492.849609375,0,0,0
2023-08-03 11:30:00+05:30,19492.5,19506.80078125,19487.400390625,19500.30078125,0,0,0
2023-08-03 11:45:00+05:30,19500.25,19505.25,19479.75,19486.5,0,0,0
2023-08-03 12:00:00+05:30,19486.94921875,19488.44921875,19458.44921875,19458.55078125,0,0,0
2023-08-03 12:15:00+05:30,19458.94921875,19458.94921875,19416.349609375,19418.099609375,0,0,0
2023-08-03 12:30:00+05:30,19417.150390625,19422.05078125,19397.150390625,19398.44921875,0,0,0
2023-08-03 12:45:00+05:30,19398.900390625,19398.900390625,19355.400390625,19363.900390625,0,0,0
2023-08-03 13:00:00+05:30,19364.69921875,19369.650390625,19345.650390625,19359.44921875,0,0,0
2023-08-03 13:15:00+05:30,19359.650390625,19366.650390625,19331.44921875,19339.0,0,0,0
2023-08-03 13:30:00+05:30,19338.849609375,19360.150390625,19333.400390625,19333.5,0,0,0
2023-08-03 13:45:00+05:30,19334.69921875,19348.400390625,19314.55078125,19315.150390625,0,0,0
2023-08-03 14:00:00+05:30,19314.5,19334.69921875,19297.849609375,19310.900390625,0,0,0
2023-08-03 14:15:00+05:30,19311.400390625,19341.650390625,19304.5,19337.349609375,0,0,0
2023-08-03 14:30:00+05:30,19339.05078125,19351.44921875,19316.150390625,19317.400390625,0,0,0
2023-08-03 14:45:00+05:30,19316.94921875,19346.400390625,19303.25,19346.400390625,0,0,0
2023-08-03 15:00:00+05:30,19346.400390625,19390.099609375,19346.150390625,19390.099609375,0,0,0
2023-08-03 15:15:00+05:30,19389.55078125,19406.5,19386.44921875,19394.44921875,0,0,0
2023-08-04 09:15:00+05:30,19462.80078125,19493.150390625,19450.900390625,19480.849609375,0,0,0
2023-08-04 09:30:00+05:30,19481.400390625,19498.099609375,19442.05078125,19443.25,0,0,0
2023-08-04 09:45:00+05:30,19443.94921875,19460.900390625,19436.44921875,19456.69921875,0,0,0
2023-08-04 10:00:00+05:30,19455.900390625,19481.80078125,19447.599609375,19478.400390625,0,0,0
2023-08-04 10:15:00+05:30,19479.05078125,19490.94921875,19469.900390625,19470.400390625,0,0,0
2023-08-04 10:30:00+05:30,19469.75,19472.44921875,19439.69921875,19466.94921875,0,0,0
2023-08-04 10:45:00+05:30,19467.0,19470.0,19446.25,19470.0,0,0,0
2023-08-04 11:00:00+05:30,19470.150390625,19489.30078125,19470.150390625,19471.650390625,0,0,0
2023-08-04 11:15:00+05:30,19472.5,19518.94921875,19469.849609375,19517.44921875,0,0,0
2023-08-04 11:30:00+05:30,19517.55078125,19523.0,19504.19921875,19510.900390625,0,0,0
2023-08-04 11:45:00+05:30,19510.849609375,19531.69921875,19510.849609375,19517.05078125,0,0,0
2023-08-04 12:00:00+05:30,19517.0,19525.650390625,19498.44921875,19525.650390625,0,0,0
2023-08-04 12:15:00+05:30,19526.849609375,19538.44921875,19525.94921875,19531.900390625,0,0,0
2023-08-04 12:30:00+05:30,19531.400390625,19531.400390625,19493.25,19521.0,0,0,0
2023-08-04 12:45:00+05:30,19521.19921875,19530.25,19507.099609375,19508.650390625,0,0,0
2023-08-04 13:00:00+05:30,19508.69921875,19526.80078125,19505.69921875,19514.94921875,0,0,0
2023-08-04 13:15:00+05:30,19515.44921875,19524.5,19500.900390625,19506.94921875,0,0,0
2023-08-04 13:30:00+05:30,19507.099609375,19515.099609375,19467.80078125,19494.94921875,0,0,0
2023-08-04 13:45:00+05:30,19494.80078125,19496.599609375,19461.599609375,19462.75,0,0,0
2023-08-04 14:00:00+05:30,19461.44921875,19487.650390625,19450.69921875,19482.44921875,0,0,0
2023-08-04 14:15:00+05:30,19482.44921875,19487.69921875,19464.44921875,19481.599609375,0,0,0
2023-08-04 14:30:00+05:30,19481.0,19514.599609375,19468.349609375,19506.650390625,0,0,0
2023-08-04 14:45:00+05:30,19506.349609375,19525.900390625,19500.80078125,19506.94921875,0,0,0
2023-08-04 15:00:00+05:30,19508.849609375,19532.25,19486.69921875,19530.900390625,0,0,0
2023-08-04 15:15:00+05:30,19531.650390625,19537.650390625,19507.150390625,19510.05078125,0,0,0
2023-08-07 09:15:00+05:30,19576.849609375,19582.44921875,19541.05078125,19553.55078125,0,0,0
2023-08-07 09:30:00+05:30,19551.599609375,19568.400390625,19525.55078125,19557.349609375,0,0,0
2023-08-07 09:45:00+05:30,19556.650390625,19565.099609375,19540.05078125,19544.900390625,0,0,0
2023-08-07 10:00:00+05:30,19546.599609375,19568.25,19540.650390625,19565.349609375,0,0,0
2023-08-07 10:15:00+05:30,19566.05078125,19584.30078125,19561.19921875,19582.55078125,0,0,0
2023-08-07 10:30:00+05:30,19582.19921875,19585.349609375,19569.44921875,19574.25,0,0,0
2023-08-07 10:45:00+05:30,19574.900390625,19576.150390625,19537.69921875,19542.19921875,0,0,0
2023-08-07 11:00:00+05:30,19541.75,19548.0,19532.349609375,19538.19921875,0,0,0
2023-08-07 11:15:00+05:30,19537.30078125,19554.599609375,19535.349609375,19551.25,0,0,0
2023-08-07 11:30:00+05:30,19550.849609375,19553.19921875,19529.099609375,19545.94921875,0,0,0
2023-08-07 11:45:00+05:30,19546.80078125,19550.900390625,19537.0,19545.150390625,0,0,0
2023-08-07 12:00:00+05:30,19545.349609375,19552.849609375,19533.19921875,19535.25,0,0,0
2023-08-07 12:15:00+05:30,19535.900390625,19564.05078125,19532.599609375,19561.099609375,0,0,0
2023-08-07 12:30:00+05:30,19561.5,19576.849609375,19560.80078125,19572.94921875,0,0,0
2023-08-07 12:45:00+05:30,19573.19921875,19593.94921875,19572.0,19573.44921875,0,0,0
2023-08-07 13:00:00+05:30,19573.75,19589.30078125,19571.55078125,19584.55078125,0,0,0
2023-08-07 13:15:00+05:30,19584.849609375,19610.30078125,19578.55078125,19608.69921875,0,0,0
2023-08-07 13:30:00+05:30,19608.900390625,19619.849609375,19598.150390625,19615.05078125,0,0,0
2023-08-07 13:45:00+05:30,19614.150390625,19615.5,19588.349609375,19591.349609375,0,0,0
2023-08-07 14:00:00+05:30,19590.69921875,19600.0,19576.900390625,19585.69921875,0,0,0
2023-08-07 14:15:00+05:30,19585.900390625,19601.599609375,19572.75,19597.900390625,0,0,0
2023-08-07 14:30:00+05:30,19598.099609375,19605.150390625,19584.05078125,19596.099609375,0,0,0
2023-08-07 14:45:00+05:30,19595.900390625,19607.650390625,19582.69921875,19590.25,0,0,0
2023-08-07 15:00:00+05:30,19590.650390625,19603.69921875,19586.599609375,19598.099609375,0,0,0
2023-08-07 15:15:00+05:30,19598.0,19605.0,19592.94921875,19597.94921875,0,0,0
2023-08-08 09:15:00+05:30,19627.19921875,19631.55078125,19591.400390625,19602.44921875,0,0,0
2023-08-08 09:30:00+05:30,19604.55078125,19609.0,19578.900390625,19592.849609375,0,0,0
2023-08-08 09:45:00+05:30,19592.900390625,19596.5,19576.599609375,19587.099609375,0,0,0
2023-08-08 10:00:00+05:30,19586.400390625,19604.349609375,19583.5,19590.5,0,0,0
2023-08-08 10:15:00+05:30,19590.400390625,19610.849609375,19589.44921875,19602.44921875,0,0,0
2023-08-08 10:30:00+05:30,19602.900390625,19609.5,19594.80078125,19598.80078125,0,0,0
2023-08-08 10:45:00+05:30,19599.099609375,19599.94921875,19584.30078125,19591.19921875,0,0,0
2023-08-08 11:00:00+05:30,19591.44921875,19593.05078125,19559.849609375,19560.849609375,0,0,0
2023-08-08 11:15:00+05:30,19560.94921875,19560.94921875,19542.80078125,19543.55078125,0,0,0
2023-08-08 11:30:00+05:30,19542.94921875,19554.94921875,19533.44921875,19554.650390625,0,0,0
2023-08-08 11:45:00+05:30,19555.099609375,19568.349609375,19552.400390625,19556.19921875,0,0,0
2023-08-08 12:00:00+05:30,19555.400390625,19576.099609375,19551.599609375,19575.5,0,0,0
2023-08-08 12:15:00+05:30,19575.0,19577.25,19566.25,19571.30078125,0,0,0
2023-08-08 12:30:00+05:30,19570.94921875,19575.80078125,19558.44921875,19565.05078125,0,0,0
2023-08-08 12:45:00+05:30,19564.349609375,19574.44921875,19559.0,19561.75,0,0,0
2023-08-08 13:00:00+05:30,19562.30078125,19580.099609375,19557.30078125,19579.55078125,0,0,0
2023-08-08 13:15:00+05:30,19579.849609375,19588.0,19573.30078125,19580.30078125,0,0,0
2023-08-08 13:30:00+05:30,19580.19921875,19585.0,19568.400390625,19571.0,0,0,0
2023-08-08 13:45:00+05:30,19571.0,19580.75,19566.349609375,19575.849609375,0,0,0
2023-08-08 14:00:00+05:30,19575.5,19583.30078125,19570.849609375,19576.599609375,0,0,0
2023-08-08 14:15:00+05:30,19576.69921875,19595.05078125,19570.599609375,19594.94921875,0,0,0
2023-08-08 14:30:00+05:30,19594.099609375,19597.25,19567.44921875,19567.900390625,0,0,0
2023-08-08 14:45:00+05:30,19567.05078125,19570.69921875,19552.349609375,19559.599609375,0,0,0
2023-08-08 15:00:00+05:30,19560.19921875,19580.44921875,19560.19921875,19566.099609375,0,0,0
2023-08-08 15:15:00+05:30,19566.5,19576.69921875,19564.80078125,19570.80078125,0,0,0
2023-08-09 09:15:00+05:30,19578.80078125,19578.80078125,19522.30078125,19523.75,0,0,0
2023-08-09 09:30:00+05:30,19524.44921875,19528.900390625,19501.849609375,19505.25,0,0,0
2023-08-09 09:45:00+05:30,19506.80078125,19517.25,19496.650390625,19509.5,0,0,0
2023-08-09 10:00:00+05:30,19509.69921875,19516.900390625,19502.0,19508.80078125,0,0,0
2023-08-09 10:15:00+05:30,19508.80078125,19509.80078125,19469.349609375,19480.0,0,0,0
2023-08-09 10:30:00+05:30,19479.599609375,19493.650390625,19472.099609375,19492.55078125,0,0,0
2023-08-09 10:45:00+05:30,19492.150390625,19497.05078125,19481.44921875,19495.94921875,0,0,0
2023-08-09 11:00:00+05:30,19495.650390625,19497.099609375,19468.25,19480.19921875,0,0,0
2023-08-09 11:15:00+05:30,19479.05078125,19489.900390625,19474.55078125,19481.349609375,0,0,0
2023-08-09 11:30:00+05:30,19480.349609375,19492.099609375,19479.44921875,19489.400390625,0,0,0
2023-08-09 11:45:00+05:30,19484.05078125,19484.69921875,19479.55078125,19481.650390625,0,0,0
2023-08-09 12:00:00+05:30,19486.599609375,19489.05078125,19483.150390625,19489.05078125,0,0,0
2023-08-09 12:15:00+05:30,19487.80078125,19492.5,19478.650390625,19488.599609375,0,0,0
2023-08-09 12:30:00+05:30,19488.25,19503.75,19485.55078125,19489.69921875,0,0,0
2023-08-09 12:45:00+05:30,19489.30078125,19500.94921875,19488.69921875,19496.05078125,0,0,0
2023-08-09 13:00:00+05:30,19495.099609375,19510.900390625,19494.30078125,19505.650390625,0,0,0
2023-08-09 13:15:00+05:30,19504.75,19506.94921875,19489.0,19496.69921875,0,0,0
2023-08-09 13:30:00+05:30,19495.69921875,19511.150390625,19494.400390625,19511.05078125,0,0,0
2023-08-09 13:45:00+05:30,19510.25,19521.599609375,19508.150390625,19521.099609375,0,0,0
2023-08-09 14:00:00+05:30,19519.80078125,19529.55078125,19519.69921875,19527.94921875,0,0,0
2023-08-09 14:15:00+05:30,19527.099609375,19535.19921875,19517.599609375,19534.150390625,0,0,0
2023-08-09 14:30:00+05:30,19533.099609375,19574.69921875,19531.75,19574.19921875,0,0,0
2023-08-09 14:45:00+05:30,19573.599609375,19603.150390625,19564.55078125,19597.5,0,0,0
2023-08-09 15:00:00+05:30,19596.80078125,19641.05078125,19596.80078125,19639.0,0,0,0
2023-08-09 15:15:00+05:30,19638.599609375,19645.19921875,19623.55078125,19630.94921875,0,0,0
2023-08-10 09:15:00+05:30,19605.55078125,19615.5,19568.349609375,19585.0,0,0,0
2023-08-10 09:30:00+05:30,19583.400390625,19602.900390625,19571.19921875,19590.44921875,0,0,0
2023-08-10 09:45:00+05:30,19590.5,19594.650390625,19575.30078125,19582.44921875,0,0,0
2023-08-10 10:00:00+05:30,19582.44921875,19621.94921875,19570.94921875,19617.80078125,0,0,0
2023-08-10 10:15:00+05:30,19617.349609375,19621.94921875,19534.80078125,19539.599609375,0,0,0
2023-08-10 10:30:00+05:30,19538.44921875,19540.19921875,19496.30078125,19505.900390625,0,0,0
2023-08-10 10:45:00+05:30,19506.30078125,19560.599609375,19503.5,19545.94921875,0,0,0
2023-08-10 11:00:00+05:30,19545.75,19554.099609375,19531.849609375,19534.599609375,0,0,0
2023-08-10 11:15:00+05:30,19533.80078125,19544.099609375,19530.19921875,19537.099609375,0,0,0
2023-08-10 11:30:00+05:30,19535.400390625,19547.099609375,19529.349609375,19544.75,0,0,0
2023-08-10 11:45:00+05:30,19545.349609375,19579.650390625,19537.94921875,19575.099609375,0,0,0
2023-08-10 12:00:00+05:30,19575.19921875,19581.75,19548.19921875,19551.150390625,0,0,0
2023-08-10 12:15:00+05:30,19550.55078125,19562.80078125,19542.900390625,19560.349609375,0,0,0
2023-08-10 12:30:00+05:30,19561.0,19567.44921875,19545.05078125,19565.650390625,0,0,0
2023-08-10 12:45:00+05:30,19566.150390625,19569.5,19556.69921875,19559.650390625,0,0,0
2023-08-10 13:00:00+05:30,19559.19921875,19588.19921875,19557.349609375,19585.0,0,0,0
2023-08-10 13:15:00+05:30,19586.05078125,19599.0,19536.80078125,19543.599609375,0,0,0
2023-08-10 13:30:00+05:30,19543.5,19554.849609375,19536.0,19546.0,0,0,0
2023-08-10 13:45:00+05:30,19545.19921875,19550.25,19506.55078125,19513.80078125,0,0,0
2023-08-10 14:00:00+05:30,19513.94921875,19550.150390625,19503.099609375,19543.75,0,0,0
2023-08-10 14:15:00+05:30,19543.55078125,19558.19921875,19535.80078125,19540.849609375,0,0,0
2023-08-10 14:30:00+05:30,19538.400390625,19557.80078125,19532.349609375,19542.849609375,0,0,0
2023-08-10 14:45:00+05:30,19542.349609375,19546.80078125,19523.69921875,19528.05078125,0,0,0
2023-08-10 15:00:00+05:30,19527.849609375,19551.650390625,19517.94921875,19545.94921875,0,0,0
2023-08-10 15:15:00+05:30,19546.349609375,19554.75,19535.30078125,19549.19921875,0,0,0
2023-08-11 09:15:00+05:30,19554.25,19555.150390625,19479.349609375,19490.44921875,0,0,0
2023-08-11 09:30:00+05:30,19490.650390625,19498.75,19465.599609375,19476.349609375,0,0,0
2023-08-11 09:45:00+05:30,19476.599609375,19478.75,19459.099609375,19466.650390625,0,0,0
2023-08-11 10:00:00+05:30,19467.30078125,19478.69921875,19453.349609375,19459.599609375,0,0,0
2023-08-11 10:15:00+05:30,19459.44921875,19474.94921875,19454.150390625,19471.05078125,0,0,0
2023-08-11 10:30:00+05:30,19471.05078125,19479.05078125,19464.80078125,19470.44921875,0,0,0
2023-08-11 10:45:00+05:30,19470.5,19477.80078125,19459.900390625,19460.650390625,0,0,0
2023-08-11 11:00:00+05:30,19460.69921875,19468.849609375,19442.0,19463.94921875,0,0,0
2023-08-11 11:15:00+05:30,19463.349609375,19472.5,19457.80078125,19465.849609375,0,0,0
2023-08-11 11:30:00+05:30,19465.80078125,19467.69921875,19437.900390625,19442.599609375,0,0,0
2023-08-11 11:45:00+05:30,19443.19921875,19450.400390625,19435.25,19450.30078125,0,0,0
2023-08-11 12:00:00+05:30,19450.0,19457.400390625,19443.150390625,19449.94921875,0,0,0
2023-08-11 12:15:00+05:30,19449.349609375,19455.25,19444.150390625,19446.19921875,0,0,0
2023-08-11 12:30:00+05:30,19446.400390625,19457.44921875,19443.44921875,19454.150390625,0,0,0
2023-08-11 12:45:00+05:30,19454.150390625,19462.400390625,19436.25,19437.849609375,0,0,0
2023-08-11 13:00:00+05:30,19438.650390625,19488.30078125,19437.44921875,19482.19921875,0,0,0
2023-08-11 13:15:00+05:30,19482.599609375,19492.650390625,19477.099609375,19482.349609375,0,0,0
2023-08-11 13:30:00+05:30,19482.099609375,19483.400390625,19457.349609375,19467.5,0,0,0
2023-08-11 13:45:00+05:30,19467.69921875,19486.5,19463.44921875,19482.94921875,0,0,0
2023-08-11 14:00:00+05:30,19482.80078125,19485.349609375,19463.5,19470.69921875,0,0,0
2023-08-11 14:15:00+05:30,19470.80078125,19481.94921875,19464.900390625,19479.05078125,0,0,0
2023-08-11 14:30:00+05:30,19479.349609375,19486.0,19450.25,19455.69921875,0,0,0
2023-08-11 14:45:00+05:30,19455.75,19470.650390625,19449.0,19465.599609375,0,0,0
2023-08-11 15:00:00+05:30,19466.900390625,19468.650390625,19415.150390625,19415.849609375,0,0,0
2023-08-11 15:15:00+05:30,19415.900390625,19439.099609375,19413.80078125,19424.25,0,0,0
2023-08-14 09:15:00+05:30,19383.94921875,19389.80078125,19272.5,19289.0,0,0,0
2023-08-14 09:30:00+05:30,19288.400390625,19308.30078125,19258.19921875,19304.94921875,0,0,0
2023-08-14 09:45:00+05:30,19305.75,19318.599609375,19296.099609375,19309.80078125,0,0,0
2023-08-14 10:00:00+05:30,19310.849609375,19324.099609375,19299.400390625,19319.80078125,0,0,0
2023-08-14 10:15:00+05:30,19320.5,19322.44921875,19308.099609375,19313.150390625,0,0,0
2023-08-14 10:30:00+05:30,19312.75,19322.19921875,19301.0,19310.69921875,0,0,0
2023-08-14 10:45:00+05:30,19312.25,19318.69921875,19302.80078125,19317.099609375,0,0,0
2023-08-14 11:00:00+05:30,19315.30078125,19323.55078125,19310.400390625,19316.44921875,0,0,0
2023-08-14 11:15:00+05:30,19317.05078125,19353.30078125,19316.0,19349.599609375,0,0,0
2023-08-14 11:30:00+05:30,19350.400390625,19357.0,19343.599609375,19354.150390625,0,0,0
2023-08-14 11:45:00+05:30,19353.849609375,19358.400390625,19341.150390625,19355.400390625,0,0,0
2023-08-14 12:00:00+05:30,19355.0,19379.80078125,19352.099609375,19379.0,0,0,0
2023-08-14 12:15:00+05:30,19379.80078125,19385.349609375,19362.349609375,19374.099609375,0,0,0
2023-08-14 12:30:00+05:30,19374.400390625,19377.25,19359.94921875,19364.75,0,0,0
2023-08-14 12:45:00+05:30,19365.150390625,19365.150390625,19345.94921875,19353.05078125,0,0,0
2023-08-14 13:00:00+05:30,19352.849609375,19370.599609375,19350.099609375,19362.150390625,0,0,0
2023-08-14 13:15:00+05:30,19361.75,19373.80078125,19351.599609375,19372.75,0,0,0
2023-08-14 13:30:00+05:30,19372.599609375,19393.69921875,19367.150390625,19386.650390625,0,0,0
2023-08-14 13:45:00+05:30,19386.349609375,19407.099609375,19385.80078125,19403.80078125,0,0,0
2023-08-14 14:00:00+05:30,19403.69921875,19434.150390625,19403.25,19430.349609375,0,0,0
2023-08-14 14:15:00+05:30,19429.849609375,19437.0,19407.05078125,19421.400390625,0,0,0
2023-08-14 14:30:00+05:30,19421.099609375,19433.19921875,19418.0,19433.0,0,0,0
2023-08-14 14:45:00+05:30,19433.150390625,19458.44921875,19431.75,19458.44921875,0,0,0
2023-08-14 15:00:00+05:30,19459.05078125,19465.30078125,19428.900390625,19430.94921875,0,0,0
2023-08-14 15:15:00+05:30,19431.150390625,19437.099609375,19408.400390625,19413.650390625,0,0,0
2023-08-16 09:15:00+05:30,19369.0,19384.349609375,19319.25,19364.400390625,0,0,0
2023-08-16 09:30:00+05:30,19365.19921875,19377.650390625,19340.69921875,19367.900390625,0,0,0
2023-08-16 09:45:00+05:30,19367.80078125,19379.349609375,19366.150390625,19370.94921875,0,0,0
2023-08-16 10:00:00+05:30,19368.55078125,19380.5,19360.94921875,19377.94921875,0,0,0
2023-08-16 10:15:00+05:30,19378.150390625,19399.900390625,19376.900390625,19389.75,0,0,0
2023-08-16 10:30:00+05:30,19389.900390625,19401.25,19381.80078125,19400.349609375,0,0,0
2023-08-16 10:45:00+05:30,19400.94921875,19407.69921875,19378.25,19379.400390625,0,0,0
2023-08-16 11:00:00+05:30,19379.5,19391.0,19376.0,19378.900390625,0,0,0
2023-08-16 11:15:00+05:30,19378.599609375,19389.400390625,19377.19921875,19386.599609375,0,0,0
2023-08-16 11:30:00+05:30,19386.150390625,19393.75,19359.900390625,19362.44921875,0,0,0
2023-08-16 11:45:00+05:30,19362.400390625,19388.25,19361.0,19386.30078125,0,0,0
2023-08-16 12:00:00+05:30,19385.80078125,19394.349609375,19382.69921875,19387.19921875,0,0,0
2023-08-16 12:15:00+05:30,19388.150390625,19391.400390625,19379.69921875,19386.5,0,0,0
2023-08-16 12:30:00+05:30,19386.44921875,19408.94921875,19386.44921875,19407.94921875,0,0,0
2023-08-16 12:45:00+05:30,19408.05078125,19413.0,19397.849609375,19407.44921875,0,0,0
2023-08-16 13:00:00+05:30,19407.25,19426.900390625,19400.69921875,19425.599609375,0,0,0
2023-08-16 13:15:00+05:30,19425.150390625,19438.05078125,19419.69921875,19420.150390625,0,0,0
2023-08-16 13:30:00+05:30,19420.5,19429.80078125,19414.19921875,19419.94921875,0,0,0
2023-08-16 13:45:00+05:30,19420.0,19431.25,19414.55078125,19430.599609375,0,0,0
2023-08-16 14:00:00+05:30,19430.599609375,19430.69921875,19413.75,19422.900390625,0,0,0
2023-08-16 14:15:00+05:30,19423.05078125,19443.55078125,19422.75,19436.5,0,0,0
2023-08-16 14:30:00+05:30,19435.80078125,19442.80078125,19425.150390625,19437.94921875,0,0,0
2023-08-16 14:45:00+05:30,19437.0,19437.80078125,19416.94921875,19430.75,0,0,0
2023-08-16 15:00:00+05:30,19431.55078125,19482.099609375,19431.55078125,19461.75,0,0,0
2023-08-16 15:15:00+05:30,19462.55078125,19473.349609375,19442.349609375,19447.0,0,0,0
2023-08-17 09:15:00+05:30,19450.55078125,19455.5,19410.0,19412.099609375,0,0,0
2023-08-17 09:30:00+05:30,19411.69921875,19412.849609375,19388.849609375,19405.349609375,0,0,0
2023-08-17 09:45:00+05:30,19403.75,19409.900390625,19381.400390625,19383.30078125,0,0,0
2023-08-17 10:00:00+05:30,19383.5,19403.5,19377.55078125,19399.30078125,0,0,0
2023-08-17 10:15:00+05:30,19398.94921875,19406.0,19385.44921875,19387.44921875,0,0,0
2023-08-17 10:30:00+05:30,19388.150390625,19414.150390625,19387.30078125,19399.05078125,0,0,0
2023-08-17 10:45:00+05:30,19400.05078125,19409.19921875,19392.69921875,19406.80078125,0,0,0
2023-08-17 11:00:00+05:30,19407.150390625,19415.25,19400.44921875,19400.44921875,0,0,0
2023-08-17 11:15:00+05:30,19401.05078125,19401.05078125,19363.30078125,19366.05078125,0,0,0
2023-08-17 11:30:00+05:30,19365.900390625,19376.44921875,19357.25,19373.349609375,0,0,0
2023-08-17 11:45:00+05:30,19375.099609375,19377.400390625,19358.44921875,19359.69921875,0,0,0
2023-08-17 12:00:00+05:30,19359.69921875,19367.400390625,19344.25,19356.099609375,0,0,0
2023-08-17 12:15:00+05:30,19355.849609375,19362.650390625,19345.0,19361.099609375,0,0,0
2023-08-17 12:30:00+05:30,19360.80078125,19364.69921875,19341.19921875,19341.400390625,0,0,0
2023-08-17 12:45:00+05:30,19341.150390625,19352.55078125,19330.349609375,19332.44921875,0,0,0
2023-08-17 13:00:00+05:30,19332.05078125,19341.599609375,19326.650390625,19329.94921875,0,0,0
2023-08-17 13:15:00+05:30,19329.55078125,19343.55078125,19327.349609375,19335.94921875,0,0,0
2023-08-17 13:30:00+05:30,19335.69921875,19360.650390625,19334.150390625,19360.400390625,0,0,0
2023-08-17 13:45:00+05:30,19360.0,19372.80078125,19358.400390625,19361.650390625,0,0,0
2023-08-17 14:00:00+05:30,19361.75,19367.599609375,19349.19921875,19364.099609375,0,0,0
2023-08-17 14:15:00+05:30,19363.5,19368.44921875,19346.150390625,19350.849609375,0,0,0
2023-08-17 14:30:00+05:30,19350.94921875,19384.25,19350.94921875,19378.69921875,0,0,0
2023-08-17 14:45:00+05:30,19378.099609375,19387.349609375,19369.44921875,19378.099609375,0,0,0
2023-08-17 15:00:00+05:30,19377.69921875,19383.30078125,19360.5,19362.19921875,0,0,0
2023-08-17 15:15:00+05:30,19361.94921875,19366.05078125,19342.599609375,19346.19921875,0,0,0
2023-08-18 09:15:00+05:30,19301.75,19329.650390625,19279.44921875,19326.25,0,0,0
2023-08-18 09:30:00+05:30,19325.75,19327.80078125,19279.44921875,19283.94921875,0,0,0
2023-08-18 09:45:00+05:30,19283.650390625,19292.599609375,19266.19921875,19267.650390625,0,0,0
2023-08-18 10:00:00+05:30,19267.400390625,19274.69921875,19258.55078125,19266.349609375,0,0,0
2023-08-18 10:15:00+05:30,19265.75,19286.94921875,19262.0,19271.94921875,0,0,0
2023-08-18 10:30:00+05:30,19273.05078125,19280.25,19260.849609375,19261.44921875,0,0,0
2023-08-18 10:45:00+05:30,19261.5,19276.69921875,19253.599609375,19271.400390625,0,0,0
2023-08-18 11:00:00+05:30,19271.55078125,19279.69921875,19267.19921875,19276.650390625,0,0,0
2023-08-18 11:15:00+05:30,19276.94921875,19287.0,19271.849609375,19285.55078125,0,0,0
2023-08-18 11:30:00+05:30,19286.30078125,19303.69921875,19286.0,19302.099609375,0,0,0
2023-08-18 11:45:00+05:30,19302.0,19306.25,19296.0,19304.849609375,0,0,0
2023-08-18 12:00:00+05:30,19305.05078125,19315.75,19301.69921875,19304.55078125,0,0,0
2023-08-18 12:15:00+05:30,19305.150390625,19307.25,19282.400390625,19293.55078125,0,0,0
2023-08-18 12:30:00+05:30,19294.5,19301.25,19290.099609375,19296.80078125,0,0,0
2023-08-18 12:45:00+05:30,19296.75,19298.5,19284.75,19290.69921875,0,0,0
2023-08-18 13:00:00+05:30,19290.150390625,19300.849609375,19266.650390625,19268.55078125,0,0,0
2023-08-18 13:15:00+05:30,19269.0,19279.44921875,19264.19921875,19275.150390625,0,0,0
2023-08-18 13:30:00+05:30,19276.599609375,19285.0,19260.349609375,19263.599609375,0,0,0
2023-08-18 13:45:00+05:30,19263.94921875,19308.94921875,19262.650390625,19304.5,0,0,0
2023-08-18 14:00:00+05:30,19305.599609375,19356.69921875,19303.44921875,19353.80078125,0,0,0
2023-08-18 14:15:00+05:30,19353.349609375,19373.44921875,19352.150390625,19362.19921875,0,0,0
2023-08-18 14:30:00+05:30,19363.80078125,19367.900390625,19340.30078125,19348.5,0,0,0
2023-08-18 14:45:00+05:30,19348.349609375,19357.80078125,19334.80078125,19337.30078125,0,0,0
2023-08-18 15:00:00+05:30,19339.19921875,19351.849609375,19306.5,19316.349609375,0,0,0
2023-08-18 15:15:00+05:30,19316.75,19316.75,19277.0,19281.5,0,0,0
2023-08-18 15:30:00+05:30,19310.150390625,19310.150390625,19310.150390625,19310.150390625,0,0,0
